區別,里別,'10/01-10/07','10/08-10/14','10/15-10/21','10/22-10/28','10/29-11/04','11/05-11/11','11/12-11/18','11/19-11/25','11/26-12/02','12/03-12/09','12/10-12/16','12/17-12/23','12/24-12/30','12/31-01/06','01/07-01/13','01/14-01/20','01/21-01/27','01/28-02/03','02/04-02/10'
苓雅區,正義里,3,9,4,0,2,2,2,6,2,0,0,0,0,1,0,0,0,0,0
鳳山區,海光里,0,1,0,4,3,3,4,6,3,2,0,2,0,0,0,0,0,0,0
鳳山區,瑞興里,0,0,0,2,2,1,1,2,0,0,0,1,0,0,0,0,0,0,0
岡山區,後紅里,0,0,0,2,1,1,0,9,4,2,2,6,4,1,0,0,0,0,0
楠梓區,清豐里,4,4,2,3,0,2,6,8,3,4,4,0,0,1,0,0,0,0,0
美濃區,吉和里,0,0,0,0,0,0,0,0,0,0,0,0,1,0,0,0,0,0,0
鼓山區,華豐里,4,12,12,10,10,4,10,4,7,1,0,2,0,2,0,0,0,0,0
大寮區,後庄里,0,1,1,1,0,0,2,1,9,7,3,2,2,0,0,0,0,0,0
楠梓區,惠楠里,0,0,0,0,2,1,2,1,1,1,2,0,0,0,0,0,0,0,0
旗津區,上竹里,0,0,0,0,0,0,0,0,0,1,1,0,0,0,0,1,0,0,0
鳳山區,文華里,0,0,0,0,3,7,11,6,6,1,3,0,0,1,1,0,0,0,0
三民區,寶獅里,1,0,3,3,3,3,15,5,2,5,1,2,2,0,1,0,0,0,0
左營區,果惠里,2,0,1,4,2,2,4,3,1,2,0,0,1,0,0,0,0,0,0
前鎮區,明正里,2,2,2,3,8,4,8,11,16,14,4,4,1,1,0,1,0,0,0
前鎮區,忠誠里,0,0,0,1,4,2,4,2,2,3,3,0,0,0,0,0,0,0,0
三民區,寶德里,0,1,3,4,5,4,3,2,5,8,0,4,1,0,1,0,0,0,0
大寮區,過溪里,0,0,0,0,0,0,0,1,0,2,0,0,0,0,0,0,0,0,0
鳳山區,過埤里,1,4,3,6,2,2,8,12,6,10,4,5,1,5,0,0,0,0,0
鼓山區,光榮里,1,0,2,6,11,9,18,13,4,3,4,3,1,4,0,0,0,0,0
楠梓區,惠民里,1,1,1,0,2,3,1,3,0,0,2,1,1,0,0,1,0,0,0
苓雅區,中正里,0,0,2,1,2,5,4,2,1,0,1,1,1,0,0,0,0,0,0
前鎮區,竹西里,1,4,5,5,7,8,7,15,6,7,5,0,0,1,1,0,0,0,0
岡山區,岡山里,0,0,0,0,3,2,2,2,3,4,3,1,0,0,0,0,0,0,0
三民區,安東里,2,2,6,5,11,7,8,11,7,4,2,0,1,0,0,0,0,0,0
三民區,鼎泰里,5,6,6,15,15,18,22,18,14,6,2,3,4,2,1,1,0,0,0
苓雅區,普天里,11,8,1,5,0,2,4,5,1,0,3,2,0,0,0,0,0,0,0
三民區,立德里,1,1,2,4,1,5,12,6,1,0,1,0,0,0,0,0,0,0,0
鳳山區,中正里,0,0,2,0,2,0,3,1,2,1,1,1,0,1,0,0,0,0,0
鳳山區,光明里,1,2,0,0,0,1,0,0,0,0,0,0,0,0,0,0,0,0,0
鼓山區,平和里,2,1,3,1,10,10,8,8,9,4,1,0,1,0,0,0,0,0,0
苓雅區,朝陽里,1,0,3,5,12,6,4,2,6,9,3,2,1,1,0,0,0,0,0
左營區,新中里,11,18,8,1,15,10,13,10,5,5,1,0,0,0,0,0,0,0,0
大社區,大社里,5,0,1,3,0,6,4,4,6,4,2,1,0,0,0,0,0,0,0
左營區,莒光里,1,3,3,0,2,3,5,1,1,2,0,0,0,0,0,0,0,0,0
大寮區,大寮里,0,0,0,0,0,1,1,3,0,0,0,0,0,1,0,1,0,0,0
左營區,海勝里,2,5,4,12,6,5,7,7,2,3,0,2,0,0,0,0,0,0,0
橋頭區,仕隆里,0,1,0,0,0,0,0,0,1,0,0,0,0,0,0,0,0,0,0
楠梓區,金田里,0,0,4,0,0,4,3,0,3,1,0,0,0,0,1,0,0,0,0
三民區,寶慶里,3,1,3,6,7,7,3,8,3,3,3,0,0,0,1,0,0,0,0
三民區,灣成里,0,1,1,3,1,1,3,3,2,3,0,0,0,0,0,0,0,0,0
三民區,港東里,0,2,1,0,0,2,7,6,7,1,0,0,0,0,0,0,0,0,0
旗山區,瑞吉里,0,0,0,2,4,0,2,1,0,0,2,0,0,0,0,0,0,0,0
左營區,新光里,3,2,3,6,3,13,10,10,11,3,5,0,1,1,1,0,0,0,0
小港區,六苓里,0,0,0,0,0,1,2,3,0,0,2,0,2,0,1,0,0,0,0
仁武區,八卦里,1,4,5,2,9,6,7,7,5,4,0,0,0,1,0,0,0,0,1
鳥松區,大華里,2,2,3,4,1,3,3,6,8,5,0,1,1,2,0,0,0,0,0
前鎮區,瑞昌里,0,0,1,1,3,3,5,24,3,8,0,1,0,0,0,0,0,0,0
左營區,菜公里,5,5,7,9,10,11,13,19,9,4,2,4,1,1,1,0,0,0,0
三民區,力行里,2,4,0,0,1,1,4,0,1,0,2,0,0,0,0,0,0,0,0
鼓山區,明誠里,9,7,9,8,12,9,10,7,9,7,2,3,2,0,1,2,0,1,0
三民區,寶業里,1,2,3,2,13,8,10,9,1,3,4,2,0,2,0,0,1,0,0
鼓山區,雄峰里,0,3,0,1,2,3,3,4,1,1,0,0,0,0,0,0,0,0,0
苓雅區,正言里,0,0,1,2,1,2,3,2,3,2,0,3,1,2,0,0,0,0,0
仁武區,仁武里,0,1,2,0,1,3,2,1,5,1,1,5,0,0,0,0,0,0,0
岡山區,碧紅里,0,0,1,0,2,2,1,3,1,2,5,1,1,0,0,0,0,0,0
苓雅區,晴朗里,1,0,0,2,1,0,3,1,0,0,0,0,0,0,0,0,0,0,0
三民區,港西里,0,1,1,1,2,1,2,4,0,3,0,0,0,0,0,0,0,0,0
三民區,鼎金里,0,3,2,4,3,5,5,4,2,5,0,1,1,0,0,0,0,0,0
三民區,德東里,2,1,3,7,4,4,3,2,0,0,0,0,0,0,0,0,0,0,0
左營區,新下里,6,7,12,10,22,13,26,11,7,4,3,1,0,2,0,0,0,0,0
苓雅區,苓洲里,0,0,0,1,0,1,1,1,1,0,0,0,0,0,1,0,0,0,0
前鎮區,鎮海里,1,0,3,2,2,7,13,8,9,5,3,1,1,1,0,0,0,0,0
楠梓區,稔田里,0,0,0,0,0,2,0,0,0,1,0,0,0,0,0,0,0,0,0
三民區,灣華里,1,0,3,3,5,4,7,2,2,4,0,1,2,1,0,0,1,0,0
楠梓區,惠豐里,0,1,2,2,4,3,1,1,0,1,2,1,0,0,0,0,0,0,0
苓雅區,尚義里,0,0,1,0,0,0,1,0,0,1,0,0,0,0,0,0,0,0,0
仁武區,竹後里,0,2,1,6,7,5,5,3,1,0,1,0,1,0,0,0,0,0,0
前金區,文東里,0,1,0,0,0,1,0,0,1,1,0,0,1,0,0,0,0,0,0
苓雅區,五權里,0,2,5,2,1,3,3,7,6,4,3,0,1,1,0,0,0,0,0
橋頭區,仕和里,0,0,0,0,0,0,0,0,1,0,0,1,0,0,0,0,0,0,0
小港區,鳳源里,0,0,0,1,0,0,0,0,1,1,0,0,2,0,0,0,0,0,0
林園區,西溪里,1,0,0,0,0,0,0,0,0,0,1,0,1,0,0,1,0,1,0
苓雅區,永康里,0,4,1,3,2,0,2,13,3,2,2,1,2,0,0,0,0,0,0
鳳山區,鎮南里,3,5,2,5,3,8,26,27,12,5,5,1,3,0,0,0,0,0,0
苓雅區,奏捷里,0,1,0,2,3,5,6,3,3,3,1,2,0,1,0,0,0,0,0
前鎮區,明孝里,0,1,0,2,1,3,2,4,2,1,0,1,1,1,0,0,0,0,0
仁武區,灣內里,1,0,1,2,2,2,0,2,3,1,2,0,0,0,0,1,0,0,0
三民區,正興里,5,2,2,0,8,6,10,7,9,11,7,1,0,1,0,1,0,0,0
楠梓區,和昌里,1,2,2,1,0,1,3,0,1,0,0,0,0,0,0,0,0,0,0
鼓山區,厚生里,4,10,53,39,16,3,3,1,1,2,1,2,0,0,0,0,0,0,0
左營區,果峰里,4,4,4,4,5,4,1,10,5,2,5,0,0,0,0,0,0,0,0
新興區,榮治里,0,0,0,0,0,1,1,0,0,0,0,0,0,0,0,0,0,0,0
鳳山區,縣衙里,0,0,1,0,0,0,1,1,1,0,0,1,0,0,1,0,0,0,0
鼓山區,忠正里,0,3,1,6,1,6,11,28,8,15,9,4,1,1,1,1,0,0,0
燕巢區,安招里,0,0,0,0,0,0,1,1,0,0,1,0,1,0,0,0,0,0,0
三民區,本和里,1,2,5,7,5,3,7,8,6,0,3,3,0,1,0,0,0,0,0
楠梓區,宏毅里,0,0,0,0,0,0,1,0,2,1,1,0,0,0,0,0,0,0,0
前鎮區,草衙里,1,3,15,11,16,24,32,36,25,20,3,5,3,2,1,1,0,0,0
鳳山區,老爺里,0,0,0,0,1,0,9,11,8,11,3,2,1,2,0,0,1,1,0
小港區,三苓里,3,19,6,4,3,4,6,10,6,5,2,1,3,0,0,1,0,0,0
旗津區,南汕里,0,0,0,2,0,0,0,0,0,0,0,0,0,0,0,0,0,0,0
小港區,泰山里,0,0,1,0,2,2,2,6,1,3,0,0,0,1,0,0,0,0,0
鳳山區,曹公里,0,0,1,1,0,1,1,1,0,1,1,1,0,0,0,0,0,0,0
橋頭區,東林里,0,0,0,0,0,0,1,1,0,0,1,0,0,0,0,0,0,0,0
鳥松區,鳥松里,2,2,2,6,3,3,2,8,0,2,2,0,1,0,0,0,0,0,0
美濃區,祿興里,0,0,0,0,0,0,0,0,1,1,0,0,0,0,1,0,0,0,0
前鎮區,瑞文里,0,1,2,0,0,7,5,8,2,2,0,4,1,0,0,0,0,0,1
鳳山區,忠孝里,1,2,3,0,2,2,4,9,1,5,0,1,1,0,0,0,0,0,0
鳳山區,文福里,1,1,2,4,3,4,4,11,5,4,1,1,1,0,1,0,0,0,0
苓雅區,正大里,2,1,0,3,8,11,5,6,5,3,3,2,0,0,0,1,1,0,0
岡山區,程香里,0,0,0,0,1,1,1,2,1,0,0,6,2,1,0,0,0,0,0
三民區,德行里,4,2,0,1,3,5,9,0,0,1,1,0,0,0,0,0,0,0,0
前鎮區,鎮榮里,0,0,0,1,7,4,8,3,3,4,1,1,2,1,1,0,0,0,0
楠梓區,隆昌里,0,0,2,0,0,3,6,5,1,0,0,1,0,0,1,0,0,0,0
楠梓區,宏榮里,0,0,0,1,1,1,0,1,0,0,1,0,0,0,0,0,0,0,0
楠梓區,泰昌里,0,0,0,1,2,0,1,9,3,1,0,0,0,0,0,0,0,0,0
楠梓區,仁昌里,0,0,2,1,2,0,2,1,1,2,1,0,2,1,0,0,0,0,0
鼓山區,民強里,0,0,3,11,2,3,5,8,8,2,2,0,0,1,1,3,0,0,0
楠梓區,東寧里,0,0,0,0,0,1,0,4,0,0,0,0,0,0,0,0,0,0,0
楠梓區,藍田里,0,1,1,2,5,2,4,0,1,1,1,2,0,0,0,0,0,0,0
鼓山區,桃源里,0,0,2,1,1,1,1,0,3,3,3,0,0,1,0,0,0,0,0
三民區,安和里,0,1,2,3,6,5,3,5,3,5,1,1,0,0,0,0,0,0,0
鼓山區,山下里,0,1,1,5,2,1,0,0,0,2,0,0,0,1,0,0,0,0,0
楠梓區,盛昌里,0,0,0,1,1,1,1,4,4,19,13,2,1,0,0,0,0,0,0
左營區,光輝里,1,0,0,3,1,0,1,0,2,1,0,0,0,0,0,0,0,0,0
楠梓區,宏南里,0,0,1,0,0,0,0,0,0,0,0,0,0,0,0,0,0,0,0
楠梓區,慶昌里,0,0,0,1,0,2,0,2,0,1,1,3,0,0,0,0,0,0,0
楠梓區,裕昌里,1,0,1,0,1,0,2,5,3,0,0,1,0,0,0,0,0,0,0
左營區,屏山里,1,0,0,0,0,0,4,3,0,1,0,0,0,0,0,0,0,0,0
左營區,新上里,5,7,10,12,24,29,20,24,21,9,8,3,1,0,1,0,0,1,0
楠梓區,翠屏里,2,3,1,3,1,3,7,5,7,1,2,1,0,1,0,1,0,0,0
楠梓區,建昌里,0,0,0,1,0,0,1,2,1,1,0,0,0,0,0,0,0,0,0
仁武區,文武里,0,1,2,1,5,2,1,3,1,3,1,0,1,2,0,1,0,0,0
三民區,達明里,1,0,1,0,2,2,6,8,2,4,1,2,0,1,1,0,0,0,0
左營區,自助里,0,0,0,0,2,0,0,0,0,0,0,0,0,0,0,0,0,0,0
楠梓區,興昌里,0,1,1,1,1,1,1,3,1,2,1,0,0,1,0,0,0,0,0
三民區,達勇里,0,3,0,1,5,6,5,1,4,2,0,1,1,1,0,0,0,0,0
仁武區,烏林里,0,2,0,0,0,1,0,0,0,0,0,0,0,0,0,0,0,0,0
左營區,頂北里,0,1,0,2,0,0,0,0,0,0,0,0,0,0,0,0,0,0,0
鼓山區,龍水里,1,3,4,6,13,5,6,12,8,10,4,2,2,2,1,2,0,0,1
岡山區,後協里,0,0,2,0,0,2,2,2,2,1,1,0,1,0,1,0,0,0,0
三民區,鼎西里,7,17,6,11,6,17,22,28,8,8,6,0,0,0,2,0,0,0,0
前鎮區,瑞竹里,0,0,0,2,1,0,1,0,3,0,1,0,0,0,0,0,0,0,0
大寮區,山頂里,0,0,0,2,0,6,6,6,1,2,1,1,1,0,0,0,1,0,0
路竹區,竹南里,0,1,0,0,0,0,0,0,0,2,0,0,0,0,0,0,0,0,0
左營區,福山里,4,0,2,8,11,10,17,11,10,12,7,6,2,0,2,0,1,0,0
三民區,寶國里,2,2,9,8,10,16,17,11,13,12,7,3,3,1,0,0,1,0,0
前鎮區,平等里,2,0,4,1,0,1,4,1,0,4,1,4,0,0,0,0,0,0,0
茄萣區,嘉樂里,5,1,0,1,3,0,0,0,0,0,0,0,0,0,0,0,0,0,0
大社區,保安里,0,0,1,1,1,1,0,2,2,0,0,1,0,0,0,0,0,0,0
左營區,頂西里,2,0,0,0,3,0,0,0,0,0,0,0,0,0,0,0,0,0,0
美濃區,瀰濃里,0,0,0,1,0,0,2,0,0,0,0,0,0,0,0,0,0,0,0
鳥松區,夢裡里,0,0,1,0,5,0,2,1,1,0,1,0,1,0,0,0,0,0,0
鳳山區,瑞竹里,1,0,0,0,1,1,1,0,1,2,4,4,0,0,0,0,0,0,0
前金區,東金里,0,0,0,0,0,0,0,1,2,0,0,0,0,0,0,0,0,0,0
左營區,埤東里,2,1,2,3,5,1,0,0,0,0,0,1,0,0,0,0,0,0,0
新興區,振成里,0,0,1,1,0,0,0,2,2,0,0,0,0,0,0,0,0,0,0
三民區,鼎強里,13,6,4,10,7,2,7,10,4,1,1,2,2,1,0,0,0,0,0
三民區,安邦里,4,1,7,9,21,18,9,11,6,7,1,1,0,0,0,0,0,0,0
阿蓮區,南蓮里,1,0,0,1,0,0,0,1,0,0,2,0,0,1,0,0,0,0,0
鼓山區,建國里,1,4,6,10,15,6,7,7,1,1,1,0,0,0,0,0,0,0,0
鳳山區,埤頂里,2,2,1,3,1,3,1,1,2,3,3,4,0,0,0,0,0,0,0
林園區,港嘴里,0,0,1,0,1,0,1,0,0,0,0,0,0,0,0,0,0,0,0
三民區,鼎中里,10,10,6,3,5,11,12,12,5,2,1,1,0,0,0,0,0,0,0
苓雅區,福居里,0,0,2,0,3,4,8,4,10,2,4,0,1,0,1,0,1,0,0
鼓山區,內惟里,0,0,0,3,0,4,5,8,3,0,0,1,0,0,0,0,0,0,0
三民區,本揚里,0,0,5,3,3,2,8,14,8,4,4,5,0,0,0,1,0,0,0
旗津區,復興里,0,0,0,0,0,1,0,0,1,1,2,0,1,1,0,0,0,0,0
左營區,尾北里,1,7,1,0,0,1,1,1,1,2,0,0,0,0,0,0,0,0,0
鳳山區,鎮東里,0,0,0,0,5,1,0,0,0,1,1,1,0,0,0,0,0,0,0
三民區,德北里,2,2,0,3,4,2,4,2,1,0,1,2,0,0,0,0,0,0,0
仁武區,中華里,0,0,0,1,1,1,0,1,0,0,1,0,0,1,1,2,0,0,0
三民區,鼎力里,2,2,0,2,15,15,38,13,6,6,0,0,1,0,0,0,0,0,0
三民區,本元里,5,6,8,4,4,4,3,8,2,0,3,1,0,1,1,0,0,0,0
三民區,鼎盛里,3,9,6,4,2,7,10,12,8,0,0,0,0,0,0,0,0,0,0
三民區,寶玉里,2,5,7,3,5,5,3,8,5,2,1,1,0,0,0,0,1,0,1
路竹區,甲南里,1,0,0,0,0,0,1,0,0,0,0,0,0,0,0,0,0,0,0
路竹區,竹滬里,0,0,1,0,0,0,0,0,0,0,0,0,0,0,0,0,0,0,0
大社區,神農里,0,1,2,1,0,4,2,4,1,5,1,0,0,0,0,0,0,0,0
三民區,德智里,0,1,1,0,8,2,4,2,3,1,1,1,1,2,0,1,0,0,0
三民區,本武里,1,0,1,2,1,1,2,2,6,3,1,0,0,1,0,0,0,0,0
仁武區,赤山里,2,0,1,2,0,3,1,0,4,1,5,1,1,1,0,0,0,0,0
仁武區,高楠里,0,0,0,0,0,0,0,1,0,0,0,0,0,0,0,0,0,0,0
新興區,文昌里,0,2,1,4,0,0,2,2,3,0,2,0,0,1,0,0,0,0,0
路竹區,社南里,0,2,0,0,1,0,0,0,0,1,0,0,0,0,0,0,0,0,0
鳳山區,鎮北里,2,2,0,0,4,1,3,2,3,2,3,0,3,0,0,0,0,0,0
鳳山區,龍成里,0,1,0,3,8,4,18,5,4,3,3,2,1,1,0,0,0,0,0
鳳山區,海洋里,1,1,1,3,2,0,5,3,0,1,1,0,0,0,0,0,0,0,0
三民區,安泰里,3,3,3,7,6,6,11,4,5,0,1,1,1,0,0,0,0,1,0
岡山區,壽峰里,0,0,0,0,2,1,0,0,0,0,0,1,0,0,0,0,0,0,0
左營區,明建里,2,1,0,0,1,0,2,0,0,0,1,0,0,0,0,0,0,0,0
前金區,青山里,0,1,0,0,0,0,0,4,0,2,1,0,1,0,0,0,0,0,0
前鎮區,明道里,2,0,2,0,6,0,2,2,5,4,0,0,0,0,0,0,0,0,0
苓雅區,普照里,0,2,4,0,1,1,4,1,0,3,1,0,0,1,0,0,1,0,0
橋頭區,橋頭里,0,1,0,1,0,0,1,0,1,0,0,0,0,0,0,0,0,0,0
苓雅區,福地里,0,1,0,3,1,6,12,9,1,1,3,1,2,2,0,0,0,0,0
大社區,觀音里,2,4,7,4,3,6,7,8,4,4,4,1,3,1,0,0,0,0,0
大寮區,琉球里,0,0,0,0,2,0,0,2,2,2,0,2,0,0,0,0,0,0,0
茄萣區,嘉泰里,0,0,1,3,2,2,5,0,0,0,0,0,0,0,0,0,0,0,0
大樹區,三和里,0,0,0,0,0,2,0,0,0,0,0,0,0,1,0,0,0,0,0
三民區,立業里,2,6,5,6,0,1,1,1,1,1,0,0,1,0,0,0,0,0,0
大樹區,小坪里,0,0,0,0,0,0,1,0,1,0,0,0,0,0,0,0,0,0,0
湖內區,太爺里,0,0,1,1,1,0,0,0,0,0,0,0,0,0,0,0,0,0,0
苓雅區,正仁里,5,1,0,0,1,2,3,2,3,1,2,1,1,0,0,0,0,0,0
鳳山區,國富里,1,0,0,1,1,1,2,5,0,0,0,0,0,0,1,1,0,0,0
鼓山區,壽山里,1,2,2,1,0,0,0,2,1,0,0,0,0,0,0,0,0,0,0
三民區,安發里,1,3,6,15,11,14,17,16,9,6,1,3,2,0,1,0,0,0,0
左營區,城南里,0,0,1,1,0,0,0,0,0,0,0,0,0,0,0,0,0,0,0
路竹區,竹東里,0,0,0,1,0,0,1,0,0,0,0,0,0,0,0,0,0,0,0
梓官區,大舍里,0,0,0,0,0,0,0,2,0,0,0,0,0,0,0,0,0,0,0
三民區,灣利里,2,9,10,5,5,5,7,3,1,1,0,1,0,0,0,0,0,0,1
前鎮區,瑞北里,0,0,0,1,1,6,8,15,6,7,2,5,2,0,0,0,0,0,0
鳳山區,新泰里,1,0,0,2,4,3,2,3,2,1,3,0,1,0,0,0,0,0,0
前鎮區,民權里,1,3,3,3,4,2,2,4,7,4,1,2,1,0,0,0,0,0,0
旗津區,振興里,0,0,0,0,0,0,1,0,0,3,1,0,0,0,0,0,0,0,0
楠梓區,大昌里,1,1,3,3,1,1,1,3,2,3,0,0,0,0,0,0,0,0,0
茄萣區,嘉賜里,4,1,0,0,0,2,0,0,0,0,0,0,0,0,0,0,0,0,0
新興區,東坡里,0,0,2,0,3,1,1,3,2,0,1,1,0,0,0,0,0,0,0
三民區,寶興里,3,6,10,11,16,10,15,8,9,6,1,1,1,0,0,0,0,0,0
仁武區,仁慈里,0,0,0,0,1,0,0,1,0,0,1,0,0,0,0,0,0,0,0
前鎮區,振興里,2,2,6,2,3,9,5,8,2,6,1,1,0,0,0,0,0,0,0
鳳山區,鎮西里,0,0,1,3,7,6,3,12,5,6,3,1,0,3,1,1,0,0,0
前鎮區,德昌里,4,8,11,7,5,0,2,4,5,1,1,2,1,0,0,0,0,0,0
三民區,千歲里,5,7,4,1,2,1,5,2,2,0,0,0,0,0,0,1,0,0,0
左營區,中南里,0,0,1,2,1,0,0,0,0,0,0,0,0,0,1,0,0,0,0
新興區,正氣里,1,2,0,2,0,0,1,3,2,0,1,0,0,0,0,0,0,0,0
左營區,廟東里,3,1,0,0,1,0,0,0,0,0,0,0,0,0,0,0,0,0,0
鳳山區,福興里,1,0,8,8,6,11,13,17,11,13,1,2,2,0,1,0,0,0,0
楠梓區,錦屏里,2,0,4,5,1,4,2,4,1,1,1,0,0,0,0,0,0,0,0
鳳山區,大德里,2,5,5,11,18,16,25,13,5,2,1,1,0,0,1,0,0,0,0
苓雅區,博仁里,0,2,0,1,0,1,0,1,0,0,1,0,0,0,0,0,0,0,0
三民區,本安里,1,0,0,1,1,2,8,4,10,14,4,3,1,0,0,0,1,0,0
前鎮區,竹南里,4,11,6,8,13,4,11,6,4,0,2,4,0,3,1,1,0,0,0
苓雅區,林富里,0,1,2,0,0,2,0,1,1,1,1,0,0,0,0,0,0,0,0
岡山區,嘉興里,1,0,0,0,1,0,0,0,0,0,0,0,0,0,0,0,0,0,0
林園區,廣應里,0,2,1,0,0,0,0,0,1,1,0,0,1,0,0,0,0,0,0
鳳山區,國光里,0,0,1,0,0,5,2,11,6,5,8,1,0,0,0,0,0,0,0
燕巢區,西燕里,0,0,0,0,0,3,1,5,4,3,0,1,0,0,0,0,0,0,0
苓雅區,文昌里,5,2,3,2,3,2,7,2,2,2,0,0,1,0,0,0,0,0,0
三民區,鳳北里,5,4,1,7,1,4,1,1,1,0,0,0,0,0,0,0,0,0,0
苓雅區,安祥里,1,2,1,0,0,2,3,2,0,3,2,2,0,0,0,1,1,0,0
鳳山區,興中里,0,1,0,0,0,0,0,1,0,0,0,0,0,0,0,0,0,0,0
前金區,社西里,1,0,0,1,0,0,1,2,1,1,0,0,0,0,1,0,0,0,0
苓雅區,鼓中里,1,7,4,4,3,8,4,2,2,1,0,0,1,0,0,0,0,0,0
楠梓區,中和里,0,0,0,0,0,0,1,0,0,0,0,1,0,0,0,0,0,0,0
苓雅區,城東里,1,1,2,5,2,1,2,1,3,3,0,0,0,0,0,0,0,0,0
苓雅區,林貴里,1,1,0,2,1,2,1,4,5,1,2,1,1,1,0,0,0,0,0
三民區,寶龍里,2,1,0,7,3,3,9,8,3,9,0,2,0,0,1,0,0,0,0
三民區,博愛里,1,0,1,2,3,5,3,6,3,2,1,1,0,0,0,0,0,0,0
楠梓區,久昌里,1,0,2,2,0,1,0,0,0,2,2,1,1,0,0,0,0,0,0
鹽埕區,府北里,4,1,2,5,6,4,7,7,5,5,1,3,2,2,0,0,0,0,0
左營區,尾西里,1,0,1,0,0,0,0,0,1,0,1,0,0,0,0,0,0,0,0
茄萣區,白雲里,2,0,1,0,0,0,0,0,0,0,0,0,0,0,0,0,0,0,0
小港區,坪頂里,0,1,2,0,0,0,1,2,0,1,1,1,3,0,0,0,0,0,0
苓雅區,廣澤里,1,0,1,0,3,1,2,6,11,9,5,3,1,3,2,0,0,0,0
大樹區,井腳里,0,0,0,0,0,0,0,0,1,0,1,0,1,0,0,0,0,0,0
鳳山區,協和里,0,1,6,1,2,1,2,0,3,3,0,2,0,2,1,0,0,0,0
前鎮區,瑞隆里,0,1,0,4,1,5,7,18,7,5,5,3,4,0,0,0,0,0,0
湖內區,葉厝里,0,0,0,0,1,0,0,0,0,0,0,0,0,0,0,0,0,0,0
苓雅區,林德里,0,0,0,2,1,4,1,5,4,6,0,0,0,0,0,0,0,0,0
苓雅區,福東里,0,1,1,0,3,5,6,0,8,0,4,1,1,0,1,0,1,0,1
湖內區,公舘里,0,0,0,2,0,1,0,0,0,0,0,0,0,0,0,0,0,0,0
苓雅區,正道里,3,3,2,7,0,5,9,9,4,9,6,5,2,1,0,0,0,0,0
苓雅區,田西里,2,3,5,2,1,1,3,4,1,1,0,0,0,0,0,0,0,0,0
鳳山區,中榮里,0,0,0,1,0,2,0,5,2,1,0,2,0,0,0,0,0,0,0
前鎮區,明義里,1,1,1,0,2,7,9,7,10,4,2,5,1,0,0,0,0,0,0
三民區,寶華里,2,3,2,1,2,4,4,4,0,3,1,1,0,0,0,0,0,0,0
三民區,本館里,6,5,10,9,3,10,7,17,14,10,2,0,4,0,0,1,0,0,0
三民區,安吉里,9,8,5,5,10,12,10,8,8,3,2,1,2,0,2,0,1,0,0
鳳山區,福誠里,0,1,3,4,1,1,9,10,7,1,1,1,1,1,0,0,0,0,0
湖內區,中賢里,0,1,0,0,1,0,1,0,0,0,0,0,0,0,0,0,0,0,0
大樹區,龍目里,0,0,0,0,1,1,0,0,0,0,0,0,0,0,0,0,0,0,0
茄萣區,大定里,4,2,0,3,8,0,0,2,0,0,0,0,0,0,0,0,0,0,0
楠梓區,瑞屏里,0,2,2,0,0,1,1,0,1,1,0,0,1,0,0,0,0,0,0
三民區,安生里,0,1,1,0,3,2,12,7,8,3,3,2,2,1,1,0,0,0,0
大樹區,九曲里,0,0,0,0,1,1,0,0,1,0,0,0,0,0,0,1,0,0,0
三民區,同德里,1,1,8,1,3,6,7,7,3,4,0,2,0,1,0,0,0,0,0
鹽埕區,陸橋里,0,0,0,3,0,1,0,0,2,1,0,0,0,0,0,0,0,0,0
新興區,德生里,0,3,5,4,1,1,3,1,1,0,1,1,0,0,0,0,0,0,0
三民區,正順里,3,4,7,3,2,4,5,5,2,4,2,2,0,0,1,1,0,0,0
苓雅區,林圍里,1,5,2,4,1,1,0,3,4,0,0,0,1,0,0,0,0,0,0
小港區,高松里,0,2,0,0,0,5,3,3,4,4,5,4,3,0,0,0,0,0,0
鳳山區,善美里,1,0,2,3,4,12,14,19,4,5,5,8,0,2,0,0,0,0,0
前金區,長興里,1,0,0,1,0,0,1,1,0,0,4,1,0,0,0,0,0,0,0
三民區,興德里,3,5,4,1,3,2,3,1,1,1,0,0,0,0,0,0,0,0,0
前金區,北金里,1,0,0,2,0,2,0,1,1,1,0,1,0,0,1,0,0,0,0
彌陀區,舊港里,0,0,0,0,1,0,0,0,0,0,0,0,0,0,0,0,0,0,0
前鎮區,瑞平里,0,2,1,4,4,5,10,10,3,1,0,0,1,0,0,0,0,0,0
新興區,明莊里,1,1,1,0,3,1,0,0,0,1,0,0,0,0,0,0,0,0,0
大寮區,三隆里,0,0,0,0,1,2,0,2,0,1,1,1,0,0,0,0,0,0,0
三民區,灣子里,1,1,4,7,5,5,8,5,2,2,1,2,0,2,0,0,0,0,0
三民區,十美里,1,1,7,3,2,4,4,3,2,1,0,0,0,0,0,0,0,1,0
三民區,建東里,1,1,4,2,3,0,2,0,0,2,1,0,0,0,0,0,0,0,0
苓雅區,福西里,3,1,1,1,1,2,2,2,3,4,2,0,0,1,1,0,0,0,0
梓官區,中崙里,0,0,0,1,0,0,0,0,0,0,0,0,0,0,0,0,0,0,0
林園區,王公里,1,0,0,0,0,0,0,0,0,1,1,1,0,0,0,0,0,0,0
三民區,寶盛里,0,9,2,4,5,7,5,9,3,1,3,0,0,0,0,0,0,0,0
鳳山區,文德里,0,1,5,8,6,2,2,6,3,7,4,1,2,0,1,0,1,0,0
前金區,草江里,0,1,1,2,2,0,2,4,0,0,0,0,1,0,0,0,0,0,0
鳳山區,誠義里,0,1,1,1,0,2,0,3,1,0,0,1,0,0,0,1,0,0,0
左營區,廟北里,2,0,0,0,2,0,0,0,0,0,0,1,0,0,0,0,0,0,0
鹽埕區,博愛里,0,2,0,1,1,0,1,0,4,1,1,0,0,0,0,0,0,0,0
茄萣區,福德里,0,0,2,0,0,0,0,0,0,0,0,0,0,0,0,0,0,0,0
苓雅區,日中里,1,2,0,1,2,3,2,3,2,4,10,1,5,3,0,0,0,0,0
仁武區,考潭里,0,1,0,0,0,1,0,0,0,0,0,0,0,0,0,0,0,0,0
大社區,保社里,2,2,1,0,1,0,0,1,1,2,1,0,0,0,0,0,0,0,0
湖內區,大湖里,2,2,0,0,1,0,0,2,0,0,0,0,1,0,0,0,0,0,0
楠梓區,國昌里,0,0,0,1,1,1,4,1,1,1,1,1,0,0,0,0,0,0,0
前金區,社東里,0,3,0,0,6,4,1,4,1,0,0,0,0,0,0,0,0,0,0
三民區,寶安里,3,2,3,5,2,5,4,7,5,0,1,2,2,3,0,0,0,0,0
苓雅區,林靖里,0,0,0,0,0,0,1,3,3,1,1,2,0,1,0,0,0,0,0
三民區,本文里,0,1,2,2,4,5,2,3,2,1,0,0,0,0,0,0,0,0,0
楠梓區,五常里,0,1,0,0,1,2,3,2,0,0,2,0,0,0,0,0,0,0,0
阿蓮區,石安里,0,0,0,0,0,0,0,1,1,0,0,0,0,0,0,0,0,0,0
鳳山區,文山里,0,0,2,0,1,4,3,4,0,1,3,0,1,1,0,0,0,0,0
三民區,寶珠里,17,15,22,13,16,10,7,19,17,7,1,3,1,0,0,0,0,0,0
苓雅區,福南里,0,1,2,1,5,4,3,8,7,10,3,3,2,0,0,0,0,0,0
苓雅區,林華里,2,2,3,5,8,2,8,7,2,3,2,1,0,0,0,0,0,0,0
大寮區,會社里,0,0,0,0,0,2,2,0,3,2,1,0,1,1,1,0,0,0,0
鼓山區,樹德里,4,1,1,0,2,0,0,0,0,1,0,2,0,0,0,0,0,0,0
前金區,長城里,4,1,2,4,7,1,0,0,4,2,0,0,0,0,1,1,0,0,0
鳳山區,新強里,0,0,2,4,2,6,6,8,12,2,1,0,0,0,0,0,0,1,0
茄萣區,和協里,1,5,1,0,1,0,0,0,0,0,0,0,0,0,0,0,0,0,0
鳳山區,中和里,3,5,2,3,4,2,2,3,4,3,1,1,0,0,0,0,0,0,0
鹽埕區,教仁里,2,0,2,3,0,1,1,3,0,3,1,0,0,0,0,0,0,0,0
林園區,頂厝里,0,0,1,1,0,0,0,1,2,0,0,0,0,0,0,0,0,0,0
左營區,崇實里,1,0,1,0,2,0,2,2,1,1,0,1,1,0,0,0,0,0,0
苓雅區,正心里,0,0,1,1,2,3,3,8,3,6,3,1,2,1,0,0,0,0,0
路竹區,甲北里,0,0,0,0,0,0,0,0,1,1,0,0,0,0,0,0,0,0,0
湖內區,海埔里,1,1,1,0,0,0,0,0,0,0,0,0,0,0,0,0,0,0,0
前鎮區,忠孝里,4,4,6,3,3,2,3,6,10,0,4,0,1,0,0,0,0,0,0
旗山區,湄洲里,0,0,1,0,0,1,4,9,1,2,2,0,0,1,0,1,0,0,0
鼓山區,裕豐里,3,9,2,9,3,4,6,3,2,0,1,0,0,0,0,1,0,0,0
大樹區,久堂里,0,0,0,0,1,0,0,1,0,0,1,0,0,0,0,0,0,0,0
大寮區,會結里,0,0,0,0,0,0,0,0,0,0,0,0,0,1,0,0,0,0,0
苓雅區,凱旋里,0,0,0,1,6,2,8,7,3,3,0,0,2,0,0,0,0,0,0
前金區,長生里,0,1,2,1,3,2,1,2,1,1,0,0,0,0,0,0,0,0,0
鳳山區,國泰里,0,1,0,0,1,1,0,3,5,7,3,3,0,1,0,0,0,0,0
橋頭區,甲南里,1,0,0,0,0,0,0,0,0,0,0,0,0,0,0,0,0,0,0
楠梓區,加昌里,2,1,0,0,1,0,3,6,1,2,0,1,1,1,0,0,0,0,0
湖內區,湖東里,1,0,1,0,0,0,0,0,0,0,0,0,0,0,0,0,0,0,0
新興區,浩然里,1,3,2,0,2,2,2,2,2,2,0,0,2,0,0,0,0,0,0
岡山區,大遼里,1,0,0,0,0,0,1,0,0,0,0,0,0,0,0,0,0,0,0
前金區,三川里,0,3,3,2,2,1,0,1,0,1,0,0,0,0,0,0,0,0,0
鼓山區,龍子里,2,3,2,2,7,9,15,6,12,6,4,2,3,2,3,0,0,0,0
左營區,聖西里,1,1,0,1,0,1,0,0,0,0,0,0,0,0,0,0,0,0,0
旗津區,中洲里,2,4,5,2,6,2,1,0,1,0,0,0,0,0,0,0,0,0,0
鳳山區,天興里,0,0,2,3,2,7,12,15,14,4,4,1,0,0,0,0,0,0,0
鳳山區,武漢里,0,2,1,2,9,12,11,22,5,2,2,3,1,1,1,0,0,0,0
茄萣區,崎漏里,0,2,0,0,1,1,0,0,0,0,0,0,0,0,0,0,0,0,0
鳳山區,新富里,0,0,0,3,0,1,4,4,3,1,0,1,0,0,0,0,0,0,0
苓雅區,福海里,1,0,1,0,2,0,1,1,1,0,0,0,0,3,2,0,0,0,0
前鎮區,興東里,1,1,8,9,9,2,22,10,11,6,5,2,0,0,2,0,1,0,0
岡山區,灣裡里,0,0,0,0,0,0,0,1,2,0,0,0,0,0,0,0,0,0,0
鳳山區,新甲里,2,0,3,0,7,1,4,6,1,4,3,2,1,0,0,0,0,0,0
三民區,德西里,0,1,2,1,1,3,2,1,2,0,1,0,0,0,0,0,0,0,0
新興區,興昌里,2,1,2,2,0,0,2,1,2,0,1,0,1,0,0,0,0,0,0
茄萣區,嘉福里,3,1,0,3,3,1,0,0,0,1,0,0,0,0,0,0,0,0,0
茄萣區,保定里,8,2,0,1,1,2,1,1,0,0,0,0,0,0,0,0,0,1,0
鼓山區,前峰里,2,3,1,0,4,4,2,6,4,3,3,0,0,0,0,0,0,0,0
三民區,博惠里,4,4,3,3,7,10,14,12,7,1,3,2,1,0,0,0,0,0,0
苓雅區,福隆里,1,2,1,3,5,15,19,11,6,1,4,1,3,1,1,0,0,0,0
鳳山區,南成里,1,1,2,10,15,33,26,14,14,5,2,1,3,1,0,0,0,0,0
前鎮區,興邦里,0,1,1,0,1,3,4,5,2,4,2,0,0,2,0,0,0,0,0
小港區,青島里,0,0,0,1,1,1,4,2,0,8,0,1,0,0,0,0,0,0,0
旗山區,大德里,0,2,4,2,3,2,2,3,0,1,4,0,0,1,0,0,0,0,0
鹽埕區,中山里,0,0,0,1,1,0,0,1,4,2,0,1,1,0,0,0,0,0,0
前金區,新生里,2,0,6,2,2,3,7,5,1,0,0,0,0,0,0,0,0,0,0
新興區,建興里,7,4,3,1,7,2,1,1,0,0,0,0,0,0,0,0,0,0,0
鳳山區,一甲里,0,0,2,4,3,5,11,5,4,7,5,1,0,0,0,0,0,0,0
鳥松區,仁美里,0,0,1,0,1,2,2,2,2,1,3,2,0,0,0,0,0,0,0
新興區,開平里,1,4,1,1,3,0,3,7,2,0,2,0,0,0,0,0,0,0,0
三民區,安寧里,3,4,5,6,3,5,2,1,4,0,0,0,0,0,0,0,0,0,0
新興區,蕉園里,0,0,0,0,0,0,1,0,1,2,0,0,0,0,0,0,0,0,0
梓官區,梓信里,0,0,0,0,0,0,0,0,0,1,0,0,1,0,0,0,0,0,0
小港區,港南里,0,0,0,1,0,5,1,0,2,1,1,1,0,0,0,0,0,0,0
鳳山區,保安里,2,0,0,3,0,4,3,1,4,1,2,3,0,1,0,0,0,0,0
楠梓區,中陽里,0,0,2,2,0,0,3,0,0,0,0,0,1,0,0,0,0,0,0
鳳山區,富甲里,1,2,3,6,6,5,12,8,3,3,1,2,1,0,0,0,0,0,0
旗山區,南勝里,0,0,0,0,0,0,0,1,0,0,0,2,0,0,0,0,0,0,0
三民區,十全里,0,0,0,0,1,2,2,1,1,0,3,0,1,2,1,0,0,0,0
苓雅區,林泉里,0,0,0,1,0,0,1,2,0,4,0,0,0,1,0,0,0,0,0
前鎮區,竹北里,1,1,4,0,4,2,10,10,7,1,1,1,0,1,0,1,0,0,0
前鎮區,忠純里,1,1,1,6,4,5,13,14,2,7,4,0,0,1,0,1,0,0,0
前鎮區,盛興里,3,7,0,4,4,3,4,3,6,4,0,0,1,0,0,0,0,0,0
左營區,合群里,0,0,0,0,1,0,3,0,0,0,0,0,0,0,0,0,0,0,0
仁武區,五和里,0,0,2,0,0,2,0,2,0,0,0,0,1,2,0,0,0,0,0
苓雅區,衛武里,0,0,0,1,1,4,1,2,1,2,0,1,1,1,0,0,0,0,0
三民區,寶中里,4,2,5,4,7,2,2,3,8,2,3,1,1,1,0,1,0,0,0
小港區,松金里,0,1,0,0,2,0,0,3,1,3,0,0,1,0,0,0,0,1,0
楠梓區,廣昌里,2,2,0,0,4,1,4,6,3,4,1,2,1,0,0,0,0,0,0
鳳山區,誠德里,0,0,0,0,0,0,1,1,0,3,1,0,0,1,0,3,0,0,0
鳳山區,武松里,1,0,0,2,0,0,1,1,0,0,1,0,0,0,0,1,0,0,0
仁武區,仁和里,2,0,1,0,1,0,0,0,0,1,1,0,0,0,0,0,0,0,0
前鎮區,瑞祥里,0,3,2,4,4,2,5,6,11,5,1,4,1,4,0,1,0,0,0
鳳山區,正義里,0,4,6,5,13,21,34,31,18,4,4,3,0,1,0,0,0,0,0
前鎮區,明禮里,2,1,4,4,8,0,6,0,2,3,0,1,0,0,0,0,0,0,0
前鎮區,瑞華里,0,5,6,0,4,3,9,12,0,0,2,3,1,1,0,2,0,0,0
岡山區,仁壽里,0,0,0,1,0,1,1,1,0,0,0,0,0,0,0,0,0,0,0
茄萣區,光定里,3,2,1,0,0,2,2,0,1,0,0,0,0,0,0,0,0,0,0
三民區,灣勝里,1,5,6,5,4,5,6,6,2,5,0,0,0,0,0,0,0,0,0
大寮區,上寮里,0,0,0,0,1,0,0,1,0,0,0,0,1,0,0,0,0,0,0
茄萣區,吉定里,1,0,1,0,0,0,1,0,0,0,0,0,0,0,0,0,0,0,0
茄萣區,嘉定里,6,1,2,2,1,7,3,1,1,0,0,0,0,0,0,0,0,0,0
岡山區,竹圍里,0,1,0,1,0,1,1,2,0,1,2,2,1,0,2,0,0,0,0
三民區,長明里,0,0,1,2,1,3,6,4,3,1,2,0,1,0,0,0,0,0,0
路竹區,文北里,1,0,0,0,0,0,0,0,0,0,0,0,0,0,0,0,0,0,0
梓官區,智蚵里,1,0,0,0,0,1,0,0,0,1,0,0,0,0,0,0,0,0,0
小港區,正苓里,0,1,4,2,0,4,7,3,2,0,0,1,2,1,0,0,0,0,0
新興區,順昌里,1,0,0,1,2,0,4,7,14,3,5,3,3,0,0,1,0,0,0
前鎮區,竹中里,3,1,0,5,7,14,16,21,12,2,0,1,0,0,0,0,0,0,0
左營區,聖后里,2,0,0,2,1,1,2,0,0,1,0,0,0,0,1,0,0,0,0
仁武區,後安里,0,0,0,1,0,0,1,3,0,0,0,1,1,0,0,0,0,0,0
前鎮區,興中里,3,3,4,3,3,11,12,8,13,4,3,0,0,1,0,0,0,0,0
小港區,廈莊里,0,0,1,0,1,2,4,2,1,1,1,0,2,0,0,1,0,1,1
前鎮區,復國里,13,8,3,10,3,6,4,11,9,3,2,3,1,1,1,0,0,0,0
三民區,寶民里,0,2,2,5,8,4,10,4,5,0,0,0,0,0,0,0,0,1,0
梓官區,赤崁里,0,0,0,1,1,1,0,0,0,0,0,0,0,0,0,0,0,0,0
前鎮區,瑞崗里,0,0,2,1,0,4,4,3,3,3,5,2,1,0,0,0,0,0,0
苓雅區,仁政里,0,0,0,1,2,0,1,3,0,2,0,0,1,0,0,0,0,0,0
湖內區,湖內里,1,0,1,0,0,0,1,0,0,0,0,0,0,0,0,0,0,0,0
三民區,裕民里,0,2,0,3,3,0,2,1,3,2,0,3,0,0,0,0,0,0,0
三民區,鳳南里,0,1,5,4,4,4,2,2,3,1,1,0,1,0,0,0,0,0,0
鳳山區,武慶里,0,0,0,2,4,3,10,7,4,2,0,1,1,0,0,1,0,0,0
鳳山區,文衡里,0,0,1,1,0,3,1,0,1,2,3,1,0,2,0,0,0,0,0
新興區,仁聲里,0,0,0,0,0,1,2,0,0,0,1,0,0,0,0,1,0,0,0
大寮區,永芳里,0,2,0,1,1,3,3,0,1,6,1,3,0,1,0,0,0,0,0
前鎮區,平昌里,0,0,0,0,0,1,5,2,3,0,1,0,2,1,0,0,2,0,0
鼓山區,龍井里,0,2,1,0,0,2,2,3,0,3,1,0,0,0,0,0,0,0,0
茄萣區,嘉安里,0,0,0,0,1,0,0,0,0,0,0,0,0,0,0,0,0,0,0
阿蓮區,復安里,0,0,1,0,0,0,0,0,0,1,0,0,0,0,0,0,0,0,0
前鎮區,仁愛里,1,2,5,2,10,3,5,4,3,1,3,0,1,0,1,1,0,0,0
小港區,山明里,1,0,1,2,3,6,16,24,16,9,4,5,6,1,1,0,0,0,0
左營區,埤北里,0,1,0,1,1,0,0,1,1,0,0,0,0,1,0,0,0,0,0
大樹區,水安里,0,0,0,0,1,0,0,0,0,0,0,0,0,0,0,0,0,0,0
三民區,灣愛里,1,0,4,8,14,10,2,1,0,3,0,0,0,0,0,0,0,0,0
苓雅區,福壽里,1,0,0,3,11,6,2,1,3,4,2,0,0,1,1,0,0,0,0
鹽埕區,壽星里,0,0,1,1,2,5,1,1,1,0,0,3,3,0,0,1,0,0,0
鼓山區,鼓峰里,3,3,2,10,8,4,0,2,1,0,0,1,0,0,0,0,0,0,0
前鎮區,信德里,0,0,0,1,2,4,9,4,4,4,0,6,0,0,0,0,0,0,0
三民區,港新里,0,2,0,0,1,1,3,1,6,5,4,1,1,1,0,0,0,0,0
三民區,安康里,0,3,2,0,5,1,7,8,3,1,0,1,2,0,0,0,0,1,0
苓雅區,苓東里,2,1,2,2,0,1,0,4,1,1,0,0,0,0,0,0,0,0,0
鳳山區,新武里,1,2,2,3,3,2,1,4,4,2,4,2,2,1,0,0,0,0,0
小港區,港明里,0,0,2,1,16,8,20,6,4,3,3,2,0,0,0,0,0,0,0
前鎮區,瑞興里,1,0,4,4,1,0,1,4,3,4,1,2,1,0,0,0,0,0,0
三民區,豐裕里,0,2,4,1,3,0,3,7,4,2,2,1,0,0,0,0,0,0,0
阿蓮區,阿蓮里,0,2,2,3,6,4,2,1,0,0,1,0,0,0,0,0,0,0,0
林園區,林園里,0,0,0,0,0,0,2,0,2,1,0,0,0,0,0,0,0,0,0
燕巢區,瓊林里,0,1,0,0,0,0,0,1,0,1,0,0,0,0,0,0,0,0,0
彌陀區,海尾里,0,0,0,0,0,0,0,1,0,0,0,0,0,0,0,0,0,0,0
左營區,進學里,0,1,1,0,0,0,0,4,0,0,0,0,0,0,0,0,0,0,0
三民區,灣復里,1,3,6,11,10,9,15,17,5,6,2,3,1,0,0,0,0,0,0
新興區,成功里,0,0,1,0,0,1,0,2,2,4,2,0,0,0,0,0,0,0,0
仁武區,大灣里,1,2,2,0,1,2,1,2,1,2,2,0,0,0,0,0,0,0,0
三民區,寶泰里,3,1,0,1,4,2,4,5,5,3,2,1,0,2,0,0,0,0,0
鼓山區,裕興里,0,1,2,4,11,11,8,15,5,1,2,0,0,0,1,0,0,0,0
三民區,民享里,3,12,14,12,8,7,10,4,3,1,1,3,2,0,1,0,0,0,0
苓雅區,正文里,0,1,1,3,1,2,2,5,2,0,0,0,1,0,0,0,0,0,0
新興區,大明里,0,0,1,0,0,0,1,1,2,1,0,0,0,0,0,0,0,0,0
三民區,千秋里,1,5,1,1,2,5,10,10,3,5,0,0,0,1,0,0,0,0,0
大寮區,翁園里,0,0,1,0,2,1,1,1,1,2,1,1,1,0,0,0,2,0,0
三民區,達德里,0,0,0,1,0,2,0,2,8,4,2,0,0,0,0,0,0,0,0
林園區,溪州里,0,0,0,0,0,0,1,1,0,0,0,0,1,0,0,0,0,0,0
新興區,中東里,1,1,0,0,1,1,2,4,0,2,1,4,0,0,0,0,0,0,0
前鎮區,鎮中里,0,0,0,0,0,2,0,0,0,1,2,0,0,0,0,0,0,0,0
鳳山區,中崙里,0,1,2,0,4,3,0,3,2,0,0,0,0,1,0,0,0,0,0
大寮區,拷潭里,0,0,0,0,0,0,0,0,0,0,0,0,0,1,0,0,0,0,0
苓雅區,林中里,1,0,2,9,8,5,15,5,5,0,2,1,0,0,0,0,0,0,0
前鎮區,西山里,2,1,3,6,10,19,10,9,2,4,5,0,2,0,0,0,0,0,0
前金區,後金里,1,2,0,3,1,1,2,0,0,0,0,0,0,0,0,0,0,0,0
苓雅區,民主里,3,4,5,3,6,2,5,5,1,4,3,1,1,0,0,0,0,0,0
三民區,千北里,0,0,1,0,2,0,1,2,2,1,0,0,0,0,0,0,0,0,0
苓雅區,五福里,0,4,6,5,8,3,7,3,2,2,0,1,0,1,1,0,0,0,0
小港區,港口里,0,0,1,0,0,3,2,1,0,0,4,2,3,1,0,0,0,0,0
新興區,永寧里,0,0,0,0,1,1,1,1,0,0,0,0,0,1,0,0,0,0,0
苓雅區,和煦里,1,2,2,0,0,2,3,1,1,3,0,1,1,0,0,0,0,0,0
彌陀區,南寮里,0,1,1,1,0,0,0,0,0,0,0,0,0,0,0,0,0,0,0
前金區,復元里,0,0,0,0,1,0,2,0,0,1,0,0,0,0,0,0,0,0,0
小港區,山東里,3,5,0,1,2,4,2,2,2,1,0,2,0,1,0,2,0,0,0
大社區,三奶里,0,2,0,1,2,2,2,5,1,6,0,1,0,1,0,0,0,0,0
鳳山區,興仁里,2,1,0,1,0,0,3,2,1,4,1,2,0,0,1,0,0,0,0
苓雅區,林興里,2,1,2,3,4,1,2,4,0,3,3,1,0,0,0,0,0,0,0
鳳山區,東門里,0,0,0,1,1,0,4,1,1,4,3,0,1,0,0,1,0,0,0
苓雅區,福人里,1,2,1,6,2,2,7,4,5,0,0,1,1,1,0,0,0,0,0
梓官區,茄苳里,0,0,0,0,0,1,0,1,1,0,0,0,0,0,0,0,0,0,0
鼓山區,正德里,0,1,3,3,8,8,7,3,2,0,0,0,0,0,0,0,0,0,0
苓雅區,福祥里,0,2,4,2,1,1,4,1,0,0,0,0,0,0,1,0,0,0,0
內門區,三平里,0,1,0,0,1,0,0,0,0,0,1,0,0,0,0,0,0,0,0
小港區,港正里,1,0,0,0,1,0,5,2,2,2,1,5,3,0,4,0,0,0,0
三民區,灣中里,0,4,4,3,10,11,9,11,9,9,1,1,2,2,1,0,0,0,0
旗津區,中興里,13,4,3,3,3,0,1,8,0,0,0,0,0,1,0,0,0,0,0
內門區,觀亭里,0,0,0,0,0,0,0,0,2,0,0,0,0,0,0,0,0,0,0
前鎮區,良和里,0,1,2,1,3,9,5,5,5,1,0,1,0,1,0,0,0,0,0
三民區,灣興里,1,3,2,15,4,5,1,5,0,1,2,1,0,0,0,1,0,0,0
旗山區,圓富里,0,0,0,0,0,0,0,0,0,1,0,0,0,0,0,0,0,0,0
左營區,聖南里,1,1,6,0,1,1,0,1,0,1,0,0,0,0,0,0,0,0,0
阿蓮區,和蓮里,0,0,0,0,1,2,0,2,0,0,0,0,0,0,0,0,0,0,0
左營區,祥和里,0,0,0,0,1,0,0,0,0,0,0,0,0,0,0,0,0,0,0
苓雅區,苓雅里,4,2,1,0,2,1,1,1,3,1,0,1,0,0,0,0,0,0,0
楠梓區,福昌里,0,0,1,0,1,2,8,1,3,2,1,0,0,0,0,0,0,0,0
湖內區,文賢里,0,0,1,0,0,0,0,0,0,0,0,0,0,0,0,0,0,0,0
前金區,林投里,0,1,0,0,0,1,4,3,1,1,0,1,0,0,0,0,0,0,0
鼓山區,惠安里,0,0,0,0,0,0,0,2,0,1,0,0,2,0,0,0,0,0,0
鳳山區,五福里,1,1,2,3,4,11,30,18,10,9,3,2,2,1,0,0,1,0,0
前鎮區,盛豐里,1,8,3,4,6,3,14,4,7,8,2,4,1,0,0,1,0,0,0
旗山區,竹峰里,1,2,0,2,0,0,1,2,0,1,0,0,0,0,0,0,0,0,0
小港區,港后里,0,1,0,3,3,1,1,3,3,4,4,2,1,0,0,1,0,0,0
鼓山區,光化里,2,1,0,0,0,2,1,2,1,1,0,0,1,0,0,0,0,0,0
橋頭區,筆秀里,0,0,2,0,1,0,0,4,1,1,0,0,0,0,0,0,0,0,0
苓雅區,林南里,0,2,1,2,1,4,0,3,1,2,1,1,2,1,0,0,0,0,0
前鎮區,瑞誠里,0,4,2,1,2,5,6,7,3,2,1,2,1,0,0,0,0,0,0
三民區,達仁里,1,1,1,2,3,0,3,4,2,3,5,6,0,1,0,0,1,0,0
左營區,廍北里,0,0,0,1,1,0,0,2,0,0,0,0,0,0,0,0,0,0,0
小港區,桂林里,0,0,0,1,4,2,10,12,6,7,3,8,2,1,1,1,0,0,0
新興區,南港里,0,1,0,1,9,6,3,4,7,3,0,1,0,1,0,0,0,0,0
前金區,民生里,0,2,3,0,0,1,1,0,0,0,0,0,0,0,0,0,0,0,0
大寮區,中庄里,2,1,1,5,3,6,4,5,9,0,0,0,2,3,1,1,1,2,1
新興區,秋山里,0,1,2,1,1,5,0,0,0,1,1,0,0,0,0,0,0,0,0
林園區,仁愛里,1,0,0,0,0,0,0,1,3,1,0,0,0,2,0,0,0,1,0
苓雅區,華堂里,1,0,3,2,2,3,2,7,2,3,2,0,2,2,2,0,0,0,0
鹽埕區,新豐里,1,0,0,2,2,0,0,0,0,3,0,0,1,0,0,0,0,0,0
旗津區,北汕里,0,1,0,0,0,0,1,1,0,0,1,0,0,0,0,0,0,0,0
楠梓區,中興里,1,0,0,0,0,0,1,1,0,0,0,0,0,0,0,0,0,0,0
鼓山區,峰南里,0,0,0,0,0,1,0,0,1,0,0,0,0,0,0,0,0,0,0
新興區,建華里,0,0,2,1,0,0,1,3,1,2,0,1,0,0,0,1,0,0,0
鳳山區,忠誠里,0,1,0,0,0,0,1,1,1,1,1,0,1,1,0,0,0,0,0
小港區,鳳森里,0,0,0,0,0,0,0,0,0,0,0,1,0,0,0,0,0,0,0
大社區,中里里,3,2,1,3,3,1,3,6,0,1,1,1,1,3,0,0,0,0,0
岡山區,嘉峰里,0,0,0,0,0,1,0,0,3,1,0,0,0,0,0,0,0,0,0
橋頭區,白樹里,0,0,0,0,1,0,1,1,0,0,1,0,0,0,0,0,0,0,0
阿蓮區,中路里,0,0,0,0,0,1,0,0,1,0,0,0,0,0,0,0,0,0,0
左營區,果貿里,2,1,1,4,6,3,9,6,2,2,1,0,1,0,0,0,0,0,0
鼓山區,麗興里,0,0,0,0,0,0,1,1,0,0,1,1,0,0,0,0,0,0,0
大寮區,義和里,0,0,0,0,0,0,0,1,0,1,0,0,0,0,0,0,0,0,0
鳳山區,新樂里,0,1,4,5,11,10,8,10,8,2,1,0,0,0,0,0,0,0,0
小港區,小港里,1,0,0,0,2,0,4,1,2,0,0,3,0,1,0,0,0,0,0
鳳山區,國隆里,1,0,0,2,2,2,1,5,3,3,0,1,1,1,1,0,0,0,0
小港區,宏亮里,0,0,0,3,3,0,3,4,2,2,0,1,1,0,0,0,0,0,0
苓雅區,人和里,3,0,4,4,7,2,7,2,1,1,2,0,0,0,0,0,1,0,0
小港區,大苓里,1,0,4,0,0,2,6,6,1,2,1,1,1,0,0,0,0,0,0
苓雅區,美田里,1,1,1,1,0,1,3,1,0,0,0,1,1,2,0,0,0,0,0
鳳山區,富榮里,0,0,1,2,3,1,4,6,5,1,2,0,1,0,0,0,1,0,0
前鎮區,信義里,1,0,1,2,4,1,2,1,4,2,4,0,0,0,0,0,0,0,0
鼓山區,綠川里,0,0,1,0,0,0,3,0,0,0,0,0,0,0,0,0,0,0,0
小港區,濟南里,0,0,0,1,1,2,0,5,0,5,1,1,0,0,2,0,0,0,0
鼓山區,興宗里,1,1,0,0,0,1,1,0,0,2,1,2,0,0,0,0,0,0,0
楠梓區,享平里,0,1,1,0,1,0,0,0,0,1,2,1,0,0,0,0,0,0,0
新興區,長驛里,3,5,1,1,0,0,1,1,1,1,1,0,0,0,0,0,0,0,0
路竹區,下坑里,1,0,1,0,0,0,0,0,0,0,0,0,0,0,0,0,0,0,0
左營區,路東里,2,1,0,3,2,1,1,0,0,0,0,0,0,0,1,0,0,0,0
鳳山區,誠智里,2,0,0,0,1,1,0,2,1,2,2,0,1,0,0,0,1,0,0
苓雅區,英明里,1,0,1,3,3,3,11,22,4,4,2,0,2,2,0,0,0,0,0
三民區,德仁里,1,0,1,2,3,2,3,2,4,4,1,1,1,0,1,0,0,0,0
鼓山區,維生里,1,0,0,1,0,0,0,1,1,1,0,0,1,1,0,0,0,0,0
阿蓮區,玉庫里,1,0,0,0,0,0,0,1,0,0,0,0,0,0,0,0,0,0,0
旗津區,永安里,1,0,0,0,0,0,3,0,0,0,0,0,0,0,0,0,0,0,0
小港區,松山里,1,3,0,0,0,0,1,5,1,2,2,0,0,0,0,0,0,0,0
前鎮區,瑞西里,1,0,1,3,4,2,4,5,3,2,1,1,0,1,0,0,0,0,0
新興區,光耀里,2,3,2,0,1,0,0,2,1,2,1,2,0,0,0,0,0,0,0
三民區,精華里,1,2,3,8,6,6,7,7,1,0,3,0,0,0,0,0,0,0,0
前鎮區,西甲里,1,2,11,9,3,9,6,6,3,5,3,1,1,0,0,0,0,0,0
前鎮區,瑞南里,1,1,0,1,2,1,5,16,7,6,2,4,3,1,0,0,0,0,0
岡山區,白米里,2,0,0,0,0,0,0,0,0,0,0,0,0,0,0,0,0,0,0
大寮區,中興里,1,1,2,0,1,2,0,2,1,3,1,3,7,3,4,3,0,0,0
苓雅區,同慶里,1,1,2,2,3,5,5,9,8,4,2,0,1,0,0,0,0,0,0
鹽埕區,中原里,2,1,0,1,3,0,0,0,1,2,0,2,0,0,1,1,0,0,0
岡山區,協和里,4,0,2,3,2,1,0,1,0,1,0,1,0,0,0,0,0,0,0
苓雅區,苓中里,3,1,4,2,0,0,4,2,1,6,0,0,0,0,0,0,0,0,0
鹽埕區,南端里,1,0,0,0,0,1,0,0,0,0,0,0,0,0,4,0,0,0,0
岡山區,維仁里,3,3,3,4,3,1,4,1,2,1,1,0,0,0,0,0,0,0,0
小港區,孔宅里,1,2,0,1,1,1,0,3,0,1,1,0,0,1,0,0,0,0,0
前金區,文西里,1,1,0,1,0,1,0,0,0,0,1,0,0,0,1,0,0,0,0
新興區,漢民里,1,0,0,1,0,2,0,0,0,0,2,0,0,0,0,0,0,0,0
湖內區,田尾里,1,1,0,0,0,0,0,0,0,0,0,0,0,0,0,0,0,0,0
苓雅區,林安里,6,31,7,2,1,1,0,2,2,5,1,0,0,0,0,0,0,0,0
鳳山區,北門里,1,0,2,2,1,2,3,2,0,0,3,1,0,2,0,0,0,0,0
苓雅區,苓昇里,2,6,4,1,1,2,2,1,2,3,0,0,0,0,0,0,0,1,0
鹽埕區,河濱里,1,3,0,0,0,1,2,1,1,2,0,0,1,1,0,0,0,0,0
鳳山區,鳳崗里,1,1,1,1,1,1,0,0,0,0,0,1,0,0,0,1,0,0,0
燕巢區,尖山里,1,0,0,0,0,0,0,2,0,0,0,0,0,0,0,0,0,0,0
甲仙區,大田里,1,0,0,0,0,0,0,1,0,0,0,0,0,0,0,0,0,0,0
苓雅區,城北里,2,4,3,7,1,1,4,2,5,3,1,0,1,0,0,0,0,0,0
苓雅區,意誠里,1,1,4,1,4,4,6,0,1,3,1,0,1,0,0,0,0,0,0
鼓山區,鼓岩里,1,0,2,2,0,0,1,1,0,1,0,0,0,1,0,0,0,0,0
前鎮區,前鎮里,1,1,1,1,2,1,4,2,2,1,0,0,0,0,0,0,0,0,0
岡山區,三和里,1,0,0,0,0,2,0,0,0,0,0,0,0,0,0,0,0,0,0
苓雅區,林西里,1,0,3,3,4,6,7,8,6,0,3,1,0,1,0,0,0,0,0
前鎮區,建隆里,1,6,2,3,1,0,1,1,2,2,0,0,0,0,1,0,0,0,0
前鎮區,瑞豐里,1,0,0,2,2,2,1,2,7,1,3,0,1,0,0,0,0,0,0
楠梓區,宏昌里,1,1,1,4,0,1,0,1,0,0,2,0,0,0,0,0,0,0,0
梓官區,信蚵里,1,0,0,0,0,1,0,1,0,0,0,0,0,0,0,0,0,0,0
苓雅區,建軍里,1,0,6,6,0,3,1,10,2,1,1,0,0,0,0,0,1,0,0
苓雅區,福康里,1,4,1,0,2,6,7,3,3,2,1,1,0,1,0,0,0,0,0
甲仙區,西安里,0,1,0,0,0,0,0,0,0,0,0,0,0,0,0,0,0,0,0
前鎮區,鎮北里,0,1,0,0,2,0,2,3,1,7,2,4,0,1,0,0,0,0,0
楠梓區,玉屏里,0,1,0,0,1,1,1,0,1,0,0,0,0,0,0,0,0,0,0
前鎮區,瑞和里,0,1,2,2,2,7,4,6,3,3,0,1,3,0,0,0,0,0,0
新興區,華聲里,0,1,1,2,1,0,0,1,1,0,0,0,0,0,0,0,0,0,0
苓雅區,林榮里,0,8,5,8,4,5,12,15,8,5,5,2,2,2,1,0,0,0,0
小港區,店鎮里,0,2,1,3,1,1,2,6,2,3,3,5,1,0,0,2,0,0,0
橋頭區,德松里,0,1,0,0,0,0,0,0,0,0,0,0,0,0,0,0,0,0,0
三民區,安宜里,0,5,4,10,9,15,9,5,2,2,2,1,2,1,0,0,0,0,0
三民區,立誠里,0,4,0,6,2,2,3,3,1,0,0,0,0,0,0,0,0,0,0
梓官區,梓和里,0,1,0,0,0,1,1,2,0,1,0,0,0,0,0,0,0,0,0
三民區,川東里,0,2,0,2,0,1,0,0,0,0,0,1,1,0,0,0,0,0,0
岡山區,忠孝里,0,1,1,1,0,2,1,1,0,1,1,1,1,0,0,0,0,0,0
田寮區,古亭里,0,1,0,0,0,0,0,0,0,0,0,0,0,0,0,0,0,0,0
鳳山區,忠義里,0,1,2,0,2,2,2,6,3,3,0,0,0,1,1,0,0,0,0
橋頭區,頂鹽里,0,1,0,0,0,1,1,2,0,0,1,0,1,0,1,0,0,0,0
內門區,內興里,0,1,0,0,0,0,0,0,0,1,0,0,0,0,0,0,0,0,0
大樹區,竹寮里,0,1,0,0,0,0,0,0,0,0,0,1,1,0,0,0,0,0,0
前鎮區,竹東里,0,3,4,1,5,9,20,23,7,6,3,1,1,1,0,0,0,0,0
小港區,鳳宮里,0,1,0,0,0,1,3,3,5,1,3,1,3,0,0,1,0,0,0
鹽埕區,光明里,0,1,2,0,1,0,0,2,0,0,1,0,2,0,0,0,0,0,0
前鎮區,瑞東里,0,1,0,2,2,4,3,5,6,4,1,0,2,0,0,0,0,0,0
小港區,順苓里,0,1,2,5,11,5,7,5,5,6,2,0,1,1,0,1,0,0,0
小港區,二苓里,0,4,5,4,10,6,11,11,4,8,4,6,3,0,0,0,0,0,0
鹽埕區,藍橋里,0,1,1,0,2,0,1,1,2,1,3,0,0,0,0,0,0,0,0
鹽埕區,江西里,0,2,1,0,0,3,4,5,1,1,2,0,1,0,0,0,0,0,0
前鎮區,竹內里,0,2,3,6,8,22,16,12,8,3,5,1,1,0,1,0,0,0,0
鼓山區,民族里,0,1,1,1,0,6,3,1,2,0,0,1,0,1,0,0,0,0,0
小港區,合作里,0,1,1,0,0,1,3,0,1,4,1,2,1,0,0,1,0,0,0
新興區,愛平里,0,1,1,2,1,0,1,1,1,1,1,0,2,0,0,1,0,0,0
大社區,翠屏里,0,1,2,0,1,2,1,0,0,0,0,0,0,0,0,0,0,0,0
小港區,鳳鳴里,0,1,0,0,0,0,0,0,0,1,0,0,0,0,0,0,0,0,0
新興區,玉衡里,0,1,3,0,0,1,0,1,4,1,1,0,0,0,0,0,0,0,0
岡山區,協榮里,0,1,0,0,0,0,0,0,0,0,1,0,0,0,0,0,0,0,0
鳳山區,中民里,0,1,0,0,3,1,2,5,0,0,1,0,2,0,0,0,0,0,0
鳳山區,二甲里,0,1,1,1,3,3,10,8,4,1,2,3,4,2,2,0,0,0,0
鼓山區,新民里,0,1,0,1,1,1,0,1,1,0,1,0,0,1,0,0,0,0,0
鼓山區,哨船頭里,0,1,1,0,1,0,0,0,0,0,0,0,0,0,0,0,0,0,0
岡山區,仁義里,0,1,0,0,1,0,1,1,0,0,0,0,0,0,0,0,0,0,0
鹽埕區,港都里,0,1,1,2,0,0,1,0,0,0,0,0,0,0,1,1,0,0,0
燕巢區,角宿里,0,0,1,0,1,0,1,1,0,0,1,0,0,0,0,0,0,0,0
前金區,博孝里,0,0,1,3,1,0,0,1,0,1,1,0,0,0,0,0,0,0,0
美濃區,吉洋里,0,0,1,0,0,0,0,0,0,0,0,0,0,0,0,0,0,0,0
梓官區,典寶里,0,0,1,0,0,2,0,0,0,1,0,0,0,0,0,0,0,0,0
鹽埕區,育仁里,0,0,1,0,0,0,1,1,0,0,1,0,0,0,0,0,0,0,0
田寮區,新興里,0,0,1,0,0,0,0,0,0,0,0,0,0,0,0,0,0,0,0
鼓山區,自強里,0,0,1,2,0,1,2,2,0,1,0,0,0,0,0,0,0,0,0
小港區,中厝里,0,0,2,1,1,1,1,1,1,1,0,1,0,1,0,0,0,0,0
鳳山區,福祥里,0,0,1,0,0,5,2,3,6,3,2,0,1,1,1,0,0,0,0
前鎮區,鎮陽里,0,0,1,0,1,3,0,3,1,5,1,0,1,0,0,0,0,0,0
岡山區,台上里,0,0,2,0,0,1,0,1,1,0,1,0,0,0,0,0,0,0,0
鳥松區,坔埔里,0,0,1,0,0,0,0,1,0,0,0,0,1,0,0,0,0,0,0
苓雅區,光華里,0,0,2,1,0,4,3,2,0,1,0,0,0,0,0,0,0,0,0
鹽埕區,沙地里,0,0,1,0,1,2,0,0,1,0,0,0,2,1,0,0,0,0,0
旗山區,上洲里,0,0,1,0,0,0,0,0,0,0,0,0,0,0,0,0,0,0,0
岡山區,平安里,0,0,1,2,1,2,2,6,2,3,1,0,0,0,0,0,0,0,0
燕巢區,深水里,0,0,1,0,0,0,0,0,0,0,1,0,0,0,0,1,0,0,0
前金區,榮復里,0,0,1,0,0,0,2,3,1,1,1,0,0,0,0,0,0,0,0
梓官區,同安里,0,0,1,0,0,1,0,1,0,0,0,0,0,0,0,0,0,0,0
前鎮區,鎮東里,0,0,2,0,2,0,4,1,2,2,0,2,0,0,0,0,0,0,0
小港區,龍鳳里,0,0,1,1,0,0,0,0,0,1,0,0,0,0,0,0,0,0,0
三民區,本上里,0,0,1,0,2,3,1,0,1,3,1,0,1,0,0,0,0,0,0
鳳山區,鳳東里,0,0,1,0,0,1,5,3,3,4,0,1,0,0,0,1,0,0,0
林園區,林內里,0,0,1,0,0,0,0,0,0,0,0,0,0,0,0,0,0,0,0
岡山區,壽天里,0,0,3,0,3,0,5,6,4,3,0,0,0,2,0,0,0,0,0
永安區,維新里,0,0,1,0,0,0,1,1,1,0,0,0,0,0,0,0,0,0,0
路竹區,頂寮里,0,0,1,0,0,0,0,0,0,0,0,0,0,0,0,0,0,0,0
鹽埕區,瀨南里,0,0,1,2,1,1,1,1,1,0,1,2,1,0,0,0,1,0,0
鳳山區,南和里,0,0,3,5,2,3,6,8,0,3,2,0,1,0,0,1,0,0,0
大寮區,前庄里,0,0,1,0,1,0,1,0,0,1,0,1,0,0,1,1,0,0,0
大寮區,內坑里,0,0,1,0,1,1,1,4,4,1,1,1,0,0,1,0,0,0,0
小港區,港興里,0,0,1,2,0,2,2,2,2,1,0,0,1,0,0,0,0,0,0
鳳山區,誠信里,0,0,1,0,1,0,0,2,3,2,0,0,0,1,0,0,0,0,0
鳳山區,文英里,0,0,1,2,1,2,2,3,1,0,2,4,0,1,0,0,0,0,0
鳳山區,南興里,0,0,1,0,0,0,0,0,1,1,0,0,0,0,0,0,0,0,0
阿蓮區,港後里,0,0,1,0,0,0,0,1,0,0,0,0,0,0,0,0,0,0,0
燕巢區,橫山里,0,0,0,2,2,1,1,0,0,1,1,0,1,0,0,0,0,0,0
阿蓮區,青旗里,0,0,0,1,0,0,0,0,0,1,0,0,0,0,0,0,0,0,0
岡山區,華崗里,0,0,0,2,0,1,0,1,1,0,0,0,0,0,0,0,0,0,0
大樹區,溪埔里,0,0,0,1,0,0,0,0,0,0,0,1,1,0,0,0,0,0,0
大寮區,昭明里,0,0,0,1,1,0,1,5,0,0,1,0,0,0,0,0,0,0,0
大樹區,大樹里,0,0,0,2,0,0,0,0,0,0,0,0,0,0,0,0,0,0,0
旗津區,中華里,0,0,0,1,0,0,0,3,0,0,0,1,1,1,1,0,0,0,0
旗津區,旗下里,0,0,0,1,1,0,0,1,0,0,0,1,2,0,0,0,0,0,0
旗山區,三協里,0,0,0,2,0,0,1,0,0,0,1,0,0,0,0,0,0,0,0
燕巢區,鳳雄里,0,0,0,2,2,4,1,1,5,4,4,0,0,0,0,0,0,0,0
美濃區,福安里,0,0,0,1,0,0,0,0,4,0,0,0,0,0,0,0,0,0,0
前金區,國民里,0,0,0,1,2,0,0,1,1,0,0,0,0,0,0,0,0,0,0
新興區,黎明里,0,0,0,1,0,1,1,0,0,0,2,0,0,0,1,0,0,0,1
鳳山區,新興里,0,0,0,1,0,0,0,0,0,0,0,0,0,0,0,0,0,0,0
前鎮區,鎮昌里,0,0,0,1,2,3,1,1,3,3,2,0,1,2,0,0,0,0,0
楠梓區,秀昌里,0,0,0,1,0,1,0,0,0,0,0,0,0,0,0,0,0,0,0
新興區,振華里,0,0,0,2,0,1,0,0,3,1,1,1,0,0,0,0,0,1,0
旗津區,慈愛里,0,0,0,1,0,5,1,1,4,2,0,0,0,1,0,0,0,0,0
鹽埕區,新樂里,0,0,0,1,0,0,1,0,1,0,0,0,1,0,0,0,0,0,0
前鎮區,興化里,0,0,0,1,3,4,6,3,0,0,0,0,0,0,0,0,0,0,0
左營區,尾南里,0,0,0,0,1,0,0,1,0,0,0,0,0,0,0,0,0,0,0
永安區,保寧里,0,0,0,0,1,0,0,0,0,0,0,0,0,0,0,0,0,0,0
新興區,德望里,0,0,0,0,1,1,1,1,1,1,0,0,0,1,0,0,0,0,0
茂林區,茂林里,0,0,0,0,3,0,0,2,1,0,0,0,0,0,0,0,0,0,0
鳥松區,華美里,0,0,0,0,2,1,0,1,0,1,0,2,0,0,0,0,0,0,0
小港區,港墘里,0,0,0,0,1,2,1,2,1,0,1,0,0,2,0,0,0,0,0
鳳山區,生明里,0,0,0,0,1,0,0,1,1,1,0,0,1,0,0,0,0,0,0
林園區,東汕里,0,0,0,0,1,0,0,0,0,0,2,1,0,0,0,0,0,0,0
鳳山區,和德里,0,0,0,0,2,1,0,0,0,1,1,0,0,0,1,0,0,0,0
岡山區,大莊里,0,0,0,0,1,0,0,0,0,0,0,0,0,0,0,0,0,0,0
岡山區,前峰里,0,0,0,0,1,0,2,2,4,1,0,0,0,0,0,0,0,0,0
新興區,新江里,0,0,0,0,3,2,4,2,0,0,1,2,2,1,1,0,0,0,0
旗津區,實踐里,0,0,0,0,1,1,1,2,6,0,0,0,0,0,0,0,0,0,0
鼓山區,河邊里,0,0,0,0,7,6,4,5,3,1,0,0,0,1,0,0,0,0,0
鳳山區,和興里,0,0,0,0,1,1,0,1,0,5,2,2,0,0,0,1,0,0,0
岡山區,信義里,0,0,0,0,2,0,0,0,1,0,0,0,0,0,0,0,0,0,0
彌陀區,漯底里,0,0,0,0,1,0,0,0,0,0,0,0,0,0,0,0,0,0,0
六龜區,興龍里,0,0,0,0,1,0,0,0,0,0,0,0,0,0,0,0,0,0,0
大樹區,和山里,0,0,0,0,1,0,0,0,0,0,0,0,0,0,0,0,0,0,0
旗津區,安順里,0,0,0,0,1,2,0,0,1,0,1,0,0,0,0,0,0,0,0
路竹區,竹西里,0,0,0,0,1,0,0,1,0,0,0,0,0,0,1,0,0,0,0
阿蓮區,崗山里,0,0,0,0,1,1,1,0,0,0,1,0,0,0,0,0,0,0,0
內門區,永富里,0,0,0,0,1,0,0,0,0,0,0,0,0,0,0,0,0,0,0
林園區,林家里,0,0,0,0,0,1,0,1,0,0,0,0,0,0,0,0,0,0,0
小港區,大坪里,0,0,0,0,0,1,0,1,1,0,0,1,0,0,0,0,0,0,0
阿蓮區,清蓮里,0,0,0,0,0,1,0,1,0,0,0,0,0,0,0,0,0,0,0
大樹區,興山里,0,0,0,0,0,1,0,0,0,0,0,0,0,0,0,0,0,0,0
小港區,鳳林里,0,0,0,0,0,1,0,1,0,0,0,0,0,0,0,0,0,0,0
茄萣區,萬福里,0,0,0,0,0,1,0,0,0,0,0,0,0,0,0,0,0,0,0
大寮區,忠義里,0,0,0,0,0,1,0,0,0,1,0,0,0,0,0,0,0,0,0
內門區,內門里,0,0,0,0,0,1,0,0,1,0,0,0,0,0,0,0,0,0,0
鼓山區,寶樹里,0,0,0,0,0,1,2,1,1,3,1,0,0,1,0,0,0,0,0
岡山區,本洲里,0,0,0,0,0,0,1,0,0,0,0,1,0,0,0,0,0,0,0
路竹區,社西里,0,0,0,0,0,0,1,1,0,0,0,0,0,0,0,0,0,0,0
美濃區,吉東里,0,0,0,0,0,0,1,0,0,0,0,0,0,0,0,0,0,0,0
內門區,永興里,0,0,0,0,0,0,1,0,0,0,0,0,0,0,0,0,0,0,0
美濃區,中圳里,0,0,0,0,0,0,1,2,0,0,0,0,0,0,0,0,0,0,0
鳥松區,大竹里,0,0,0,0,0,0,1,0,0,0,0,0,0,0,0,0,0,0,0
旗山區,太平里,0,0,0,0,0,0,2,4,2,1,2,1,0,1,0,0,0,0,0
鳳山區,縣口里,0,0,0,0,0,0,1,0,0,0,0,0,0,0,0,0,0,0,0
旗山區,東平里,0,0,0,0,0,0,1,3,1,0,0,0,0,0,0,0,0,0,0
美濃區,合和里,0,0,0,0,0,0,1,0,0,1,0,0,0,0,0,0,0,0,0
林園區,中門里,0,0,0,0,0,0,1,1,0,0,0,0,0,0,0,0,0,0,0
小港區,鳳興里,0,0,0,0,0,0,2,1,0,0,1,0,0,0,0,0,0,0,0
鳳山區,三民里,0,0,0,0,0,0,1,0,1,1,0,0,0,0,0,0,2,0,0
旗山區,永和里,0,0,0,0,0,0,2,0,1,1,2,1,0,0,2,0,0,0,0
美濃區,德興里,0,0,0,0,0,0,1,0,0,0,0,0,0,0,0,0,0,0,0
梓官區,赤東里,0,0,0,0,0,0,1,1,1,0,0,0,0,0,0,0,0,0,0
左營區,永清里,0,0,0,0,0,0,1,0,2,0,0,0,0,0,0,0,0,0,0
林園區,中厝里,0,0,0,0,0,0,1,1,0,1,0,0,1,0,0,0,0,0,0
大寮區,義仁里,0,0,0,0,0,0,1,3,1,0,0,0,0,0,0,0,0,0,0
路竹區,北嶺里,0,0,0,0,0,0,1,1,0,0,0,0,0,0,0,0,0,0,0
林園區,北汕里,0,0,0,0,0,0,1,0,0,1,0,0,0,0,0,0,0,0,0
苓雅區,城西里,0,0,0,0,0,0,1,0,0,0,0,0,0,0,0,0,0,0,0
岡山區,劉厝里,0,0,0,0,0,0,1,0,0,0,0,0,0,0,0,0,1,0,0
大樹區,水寮里,0,0,0,0,0,0,0,1,0,1,0,0,0,0,0,0,0,0,0
鼓山區,延平里,0,0,0,0,0,0,0,1,3,2,0,0,0,0,0,0,0,0,0
大寮區,江山里,0,0,0,0,0,0,0,1,1,0,0,0,0,0,0,0,0,0,0
岡山區,石潭里,0,0,0,0,0,0,0,1,0,0,0,0,0,0,0,0,0,0,0
大寮區,新厝里,0,0,0,0,0,0,0,1,0,0,0,0,0,0,0,0,0,0,0
杉林區,月眉里,0,0,0,0,0,0,0,1,0,0,0,0,0,0,0,0,0,0,0
旗山區,中正里,0,0,0,0,0,0,0,2,0,0,1,0,0,0,0,0,0,0,0
林園區,潭頭里,0,0,0,0,0,0,0,1,0,1,0,0,1,0,0,0,0,0,1
燕巢區,南燕里,0,0,0,0,0,0,0,2,0,0,4,0,0,0,0,1,0,0,0
六龜區,寶來里,0,0,0,0,0,0,0,1,1,0,0,1,0,0,0,0,0,0,0
林園區,文賢里,0,0,0,0,0,0,0,1,1,0,0,1,0,0,0,0,0,0,0
大寮區,潮寮里,0,0,0,0,0,0,0,1,1,1,1,0,0,0,0,0,0,0,0
橋頭區,芋寮里,0,0,0,0,0,0,0,1,0,0,0,1,0,0,0,0,0,0,0
林園區,五福里,0,0,0,0,0,0,0,2,0,1,0,0,0,0,1,0,0,0,0
旗山區,中寮里,0,0,0,0,0,0,0,1,0,0,1,0,1,0,0,0,0,0,0
林園區,東林里,0,0,0,0,0,0,0,1,0,0,0,0,0,0,0,0,0,0,0
大樹區,檨腳里,0,0,0,0,0,0,0,1,0,0,1,1,2,0,0,0,0,1,0
橋頭區,新莊里,0,0,0,0,0,0,0,0,1,0,0,0,0,0,0,0,0,0,0
彌陀區,彌陀里,0,0,0,0,0,0,0,0,2,1,0,0,0,0,0,0,0,0,0
鼓山區,登山里,0,0,0,0,0,0,0,0,1,0,1,0,0,0,0,0,0,0,0
燕巢區,東燕里,0,0,0,0,0,0,0,0,1,0,0,0,0,0,0,0,0,0,0
路竹區,鴨寮里,0,0,0,0,0,0,0,0,1,0,0,0,1,0,0,0,0,0,0
鹽埕區,慈愛里,0,0,0,0,0,0,0,0,1,0,1,0,0,0,0,0,0,0,0
新興區,德政里,0,0,0,0,0,0,0,0,1,0,0,0,0,0,0,0,0,0,0
永安區,永華里,0,0,0,0,0,0,0,0,1,0,0,1,0,0,0,0,0,0,0
美濃區,東門里,0,0,0,0,0,0,0,0,1,0,0,0,0,0,0,0,0,0,0
橋頭區,三德里,0,0,0,0,0,0,0,0,1,0,0,0,0,0,0,0,0,0,0
橋頭區,仕豐里,0,0,0,0,0,0,0,0,1,0,0,0,0,0,0,0,0,0,0
旗山區,廣福里,0,0,0,0,0,0,0,0,1,0,1,0,0,0,0,0,0,0,0
大社區,嘉誠里,0,0,0,0,0,0,0,0,1,0,0,0,0,0,0,0,0,1,0
林園區,龔厝里,0,0,0,0,0,0,0,0,1,0,0,0,0,0,0,0,0,0,0
大樹區,統嶺里,0,0,0,0,0,0,0,0,1,0,0,0,0,0,0,0,0,0,0
林園區,港埔里,0,0,0,0,0,0,0,0,1,2,0,0,0,0,0,0,0,0,0
杉林區,集來里,0,0,0,0,0,0,0,0,1,0,0,0,0,0,0,0,0,0,0
林園區,鳳芸里,0,0,0,0,0,0,0,0,1,0,0,0,0,0,0,0,0,0,0
內門區,光興里,0,0,0,0,0,0,0,0,1,0,0,0,0,0,0,0,0,0,0
鹽埕區,新化里,0,0,0,0,0,0,0,0,1,0,0,0,1,0,0,0,0,0,0
林園區,中汕里,0,0,0,0,0,0,0,0,0,2,0,0,0,0,0,0,0,0,0
六龜區,新興里,0,0,0,0,0,0,0,0,0,1,0,0,0,0,0,0,0,0,0
甲仙區,和安里,0,0,0,0,0,0,0,0,0,1,0,0,0,0,0,0,0,0,0
杉林區,上平里,0,0,0,0,0,0,0,0,0,1,0,0,0,0,0,0,0,0,0
旗山區,東昌里,0,0,0,0,0,0,0,0,0,1,0,0,0,0,0,0,0,0,0
鹽埕區,江南里,0,0,0,0,0,0,0,0,0,0,1,0,0,0,0,0,0,0,0
六龜區,文武里,0,0,0,0,0,0,0,0,0,0,1,0,0,0,0,0,0,0,0
田寮區,崇德里,0,0,0,0,0,0,0,0,0,0,1,0,0,0,0,0,0,0,0
六龜區,義寶里,0,0,0,0,0,0,0,0,0,0,0,3,0,0,0,0,0,0,0
橋頭區,甲北里,0,0,0,0,0,0,0,0,0,0,0,2,0,0,0,0,0,0,0
大寮區,光武里,0,0,0,0,0,0,0,0,0,0,0,1,0,0,0,0,0,0,0
橋頭區,西林里,0,0,0,0,0,0,0,0,0,0,0,0,1,0,1,0,0,0,0
大寮區,溪寮里,0,0,0,0,0,0,0,0,0,0,0,0,1,0,0,0,0,0,0
六龜區,新寮里,0,0,0,0,0,0,0,0,0,0,0,0,2,0,0,0,0,0,0
六龜區,六龜里,0,0,0,0,0,0,0,0,0,0,0,0,1,0,0,0,0,0,0
旗山區,大山里,0,0,0,0,0,0,0,0,0,0,0,0,1,0,0,0,0,0,0
鳳山區,成功里,0,0,0,0,0,0,0,0,0,0,0,0,1,0,0,0,0,0,0
那瑪夏區,達卡努瓦里,0,0,0,0,0,0,0,0,0,0,0,0,0,1,0,0,0,0,0
路竹區,三爺里,0,0,0,0,0,0,0,0,0,0,0,0,0,0,0,0,1,0,0
旗山區,南洲里,0,0,0,0,0,0,0,0,0,0,0,0,0,0,0,0,0,0,1
